num_users,mean,median,max,successes,timeouts,timeout_fraction
10,0.40518082652175635,0.4428157806396484,0.9207582473754884,57,0,0.0
15,0.504623681306839,0.4783691167831421,1.316840887069702,88,0,0.0
20,0.7057660713530424,0.4994330406188965,2.21484375,114,0,0.0
25,1.3199621599616733,1.1122570037841797,3.718395709991455,141,0,0.0
30,1.7671638413479454,0.7978718280792236,5.0051469802856445,95,76,0.4444444444444444
35,0.8331436079901617,0.10843801498413085,4.975030183792114,74,125,0.628140703517588
