request_rate,mean,median,max,successes,timeouts,timeout_fraction
2.0,0.5427240187968683,0.4555530548095703,1.235639572143555,109,0.0,0.0
2.5,0.7987257201655381,0.6818816661834717,2.4562668800354004,147,0.0,0.0
3.0,1.7850608851740268,1.6761717796325684,4.524239540100098,183,0.0,0.0
3.5,1.5202365932464599,1.2763586044311523,4.940906763076782,125,84.0,0.4019138755980861
4.0,0.9935399560786006,0.0990469455718994,4.885979413986206,67,160.0,0.7048458149779736
