num_users,mean,median,max,successes,timeouts,timeout_fraction
10,0.4111174993347703,0.4533016681671142,0.9673244953155518,57,0,0.0
15,0.4920769821513783,0.45729291439056396,1.2287516593933103,88,0,0.0
20,0.6714424313160411,0.46789324283599854,2.0344247817993164,114,0,0.0
25,1.0659986472298912,0.7467355728149414,3.407196044921875,141,0,0.0
30,2.3090410365924967,2.742401123046875,4.967850208282471,143,28,0.16374269005847952
35,2.23592444096715,1.34779691696167,4.998433828353882,121,78,0.39195979899497485
40,1.9590252585115686,0.7199971675872803,4.994086503982544,113,115,0.5043859649122807
45,1.575100212766413,0.48943936824798584,4.992355108261108,114,142,0.5546875
50,1.311815688369471,0.1156303882598877,5.000372648239136,109,177,0.6188811188811189
